Metric,Value
design__instance__count,4347
design__instance__area,26130.1
design__instance_unmapped__count,0
synthesis__check_error__count,0
design__max_slew_violation__count__corner:nom_tt_025C_1v80,0
design__max_fanout_violation__count__corner:nom_tt_025C_1v80,148
design__max_cap_violation__count__corner:nom_tt_025C_1v80,0
power__internal__total,0.0006678822101093829
power__switching__total,0.00040219604852609336
power__leakage__total,2.4347505345190257E-8
power__total,0.0010701025603339076
clock__skew__worst_hold__corner:nom_tt_025C_1v80,-0.28022515656643093
clock__skew__worst_setup__corner:nom_tt_025C_1v80,0.47098892785648455
timing__hold__ws__corner:nom_tt_025C_1v80,0.33447145999549915
timing__setup__ws__corner:nom_tt_025C_1v80,14.925675340358307
timing__hold__tns__corner:nom_tt_025C_1v80,0.0
timing__setup__tns__corner:nom_tt_025C_1v80,0.0
timing__hold__wns__corner:nom_tt_025C_1v80,0
timing__setup__wns__corner:nom_tt_025C_1v80,0.0
timing__hold_vio__count__corner:nom_tt_025C_1v80,0
timing__hold_r2r__ws__corner:nom_tt_025C_1v80,0.334471
timing__hold_r2r_vio__count__corner:nom_tt_025C_1v80,0
timing__setup_vio__count__corner:nom_tt_025C_1v80,0
timing__setup_r2r__ws__corner:nom_tt_025C_1v80,Infinity
timing__setup_r2r_vio__count__corner:nom_tt_025C_1v80,0
design__max_slew_violation__count__corner:nom_ss_100C_1v60,0
design__max_fanout_violation__count__corner:nom_ss_100C_1v60,148
design__max_cap_violation__count__corner:nom_ss_100C_1v60,0
clock__skew__worst_hold__corner:nom_ss_100C_1v60,-0.29561329221215166
clock__skew__worst_setup__corner:nom_ss_100C_1v60,0.640946092120314
timing__hold__ws__corner:nom_ss_100C_1v60,0.9246090821353009
timing__setup__ws__corner:nom_ss_100C_1v60,9.587928944392146
timing__hold__tns__corner:nom_ss_100C_1v60,0.0
timing__setup__tns__corner:nom_ss_100C_1v60,0.0
timing__hold__wns__corner:nom_ss_100C_1v60,0
timing__setup__wns__corner:nom_ss_100C_1v60,0.0
timing__hold_vio__count__corner:nom_ss_100C_1v60,0
timing__hold_r2r__ws__corner:nom_ss_100C_1v60,0.924609
timing__hold_r2r_vio__count__corner:nom_ss_100C_1v60,0
timing__setup_vio__count__corner:nom_ss_100C_1v60,0
timing__setup_r2r__ws__corner:nom_ss_100C_1v60,Infinity
timing__setup_r2r_vio__count__corner:nom_ss_100C_1v60,0
design__max_slew_violation__count__corner:nom_ff_n40C_1v95,0
design__max_fanout_violation__count__corner:nom_ff_n40C_1v95,148
design__max_cap_violation__count__corner:nom_ff_n40C_1v95,0
clock__skew__worst_hold__corner:nom_ff_n40C_1v95,-0.2721700997169042
clock__skew__worst_setup__corner:nom_ff_n40C_1v95,0.399426086844534
timing__hold__ws__corner:nom_ff_n40C_1v95,0.11185441778293119
timing__setup__ws__corner:nom_ff_n40C_1v95,16.896646338112436
timing__hold__tns__corner:nom_ff_n40C_1v95,0.0
timing__setup__tns__corner:nom_ff_n40C_1v95,0.0
timing__hold__wns__corner:nom_ff_n40C_1v95,0
timing__setup__wns__corner:nom_ff_n40C_1v95,0.0
timing__hold_vio__count__corner:nom_ff_n40C_1v95,0
timing__hold_r2r__ws__corner:nom_ff_n40C_1v95,0.111854
timing__hold_r2r_vio__count__corner:nom_ff_n40C_1v95,0
timing__setup_vio__count__corner:nom_ff_n40C_1v95,0
timing__setup_r2r__ws__corner:nom_ff_n40C_1v95,Infinity
timing__setup_r2r_vio__count__corner:nom_ff_n40C_1v95,0
design__max_slew_violation__count,0
design__max_fanout_violation__count,148
design__max_cap_violation__count,0
clock__skew__worst_hold,-0.27006111999968024
clock__skew__worst_setup,0.39561188777998574
timing__hold__ws,0.1093303256650597
timing__setup__ws,9.478125219615999
timing__hold__tns,0.0
timing__setup__tns,0.0
timing__hold__wns,0
timing__setup__wns,0.0
timing__hold_vio__count,0
timing__hold_r2r__ws,0.109330
timing__hold_r2r_vio__count,0
timing__setup_vio__count,0
timing__setup_r2r__ws,inf
timing__setup_r2r_vio__count,0
design__die__bbox,0.0 0.0 200.0 200.0
design__core__bbox,5.52 10.88 194.12 187.68
design__io,138
design__die__area,40000
design__core__area,33344.5
design__instance__count__stdcell,4347
design__instance__area__stdcell,26130.1
design__instance__count__macros,0
design__instance__area__macros,0
design__instance__utilization,0.78364
design__instance__utilization__stdcell,0.78364
design__instance__count__class:inverter,32
design__instance__count__class:sequential_cell,233
design__instance__count__class:multi_input_combinational_cell,1638
flow__warnings__count,1
flow__errors__count,0
design__instance__count__class:fill_cell,1452
design__instance__count__class:tap_cell,469
design__power_grid_violation__count__net:vccd1,0
design__power_grid_violation__count__net:vssd1,0
design__power_grid_violation__count,0
design__max_slew_violation__count__corner:max_ss_100C_1v60,0
design__max_fanout_violation__count__corner:max_ss_100C_1v60,148
design__max_cap_violation__count__corner:max_ss_100C_1v60,0
clock__skew__worst_hold__corner:max_ss_100C_1v60,-0.3021279700825973
clock__skew__worst_setup__corner:max_ss_100C_1v60,0.6532773396035771
timing__hold__ws__corner:max_ss_100C_1v60,0.9276999431232729
timing__setup__ws__corner:max_ss_100C_1v60,9.478125219615999
timing__hold__tns__corner:max_ss_100C_1v60,0.0
timing__setup__tns__corner:max_ss_100C_1v60,0.0
timing__hold__wns__corner:max_ss_100C_1v60,0
timing__setup__wns__corner:max_ss_100C_1v60,0.0
timing__hold_vio__count__corner:max_ss_100C_1v60,0
timing__hold_r2r__ws__corner:max_ss_100C_1v60,0.927700
timing__hold_r2r_vio__count__corner:max_ss_100C_1v60,0
timing__setup_vio__count__corner:max_ss_100C_1v60,0
timing__setup_r2r__ws__corner:max_ss_100C_1v60,Infinity
timing__setup_r2r_vio__count__corner:max_ss_100C_1v60,0
timing__drv__floating__nets,0
timing__drv__floating__pins,0
design__instance__displacement__total,0
design__instance__displacement__mean,0
design__instance__displacement__max,0
route__wirelength__estimated,69003
design__violations,0
design__instance__count__class:timing_repair_buffer,508
design__instance__count__class:clock_buffer,28
design__instance__count__class:clock_inverter,20
design__instance__count__setup_buffer,0
design__instance__count__hold_buffer,200
antenna__violating__nets,1
antenna__violating__pins,1
route__antenna_violation__count,1
design__instance__count__class:antenna_cell,1419
antenna_diodes_count,6
route__net,2508
route__net__special,2
route__drc_errors__iter:1,2101
route__wirelength__iter:1,82596
route__drc_errors__iter:2,1547
route__wirelength__iter:2,81889
route__drc_errors__iter:3,1479
route__wirelength__iter:3,81700
route__drc_errors__iter:4,299
route__wirelength__iter:4,81373
route__drc_errors__iter:5,42
route__wirelength__iter:5,81383
route__drc_errors__iter:6,0
route__wirelength__iter:6,81374
route__drc_errors,0
route__wirelength,81374
route__vias,22284
route__vias__singlecut,22284
route__vias__multicut,0
design__disconnected_pin__count,0
design__critical_disconnected_pin__count,0
route__wirelength__max,463.39
timing__unannotated_net__count__corner:nom_tt_025C_1v80,22
timing__unannotated_net_filtered__count__corner:nom_tt_025C_1v80,0
timing__unannotated_net__count__corner:nom_ss_100C_1v60,22
timing__unannotated_net_filtered__count__corner:nom_ss_100C_1v60,0
timing__unannotated_net__count__corner:nom_ff_n40C_1v95,22
timing__unannotated_net_filtered__count__corner:nom_ff_n40C_1v95,0
design__max_slew_violation__count__corner:min_tt_025C_1v80,0
design__max_fanout_violation__count__corner:min_tt_025C_1v80,148
design__max_cap_violation__count__corner:min_tt_025C_1v80,0
clock__skew__worst_hold__corner:min_tt_025C_1v80,-0.2764178686404064
clock__skew__worst_setup__corner:min_tt_025C_1v80,0.4645195193311483
timing__hold__ws__corner:min_tt_025C_1v80,0.3309489997944977
timing__setup__ws__corner:min_tt_025C_1v80,14.998550381755749
timing__hold__tns__corner:min_tt_025C_1v80,0.0
timing__setup__tns__corner:min_tt_025C_1v80,0.0
timing__hold__wns__corner:min_tt_025C_1v80,0
timing__setup__wns__corner:min_tt_025C_1v80,0.0
timing__hold_vio__count__corner:min_tt_025C_1v80,0
timing__hold_r2r__ws__corner:min_tt_025C_1v80,0.330949
timing__hold_r2r_vio__count__corner:min_tt_025C_1v80,0
timing__setup_vio__count__corner:min_tt_025C_1v80,0
timing__setup_r2r__ws__corner:min_tt_025C_1v80,Infinity
timing__setup_r2r_vio__count__corner:min_tt_025C_1v80,0
timing__unannotated_net__count__corner:min_tt_025C_1v80,22
timing__unannotated_net_filtered__count__corner:min_tt_025C_1v80,0
design__max_slew_violation__count__corner:min_ss_100C_1v60,0
design__max_fanout_violation__count__corner:min_ss_100C_1v60,148
design__max_cap_violation__count__corner:min_ss_100C_1v60,0
clock__skew__worst_hold__corner:min_ss_100C_1v60,-0.29040179416486744
clock__skew__worst_setup__corner:min_ss_100C_1v60,0.6305134370851582
timing__hold__ws__corner:min_ss_100C_1v60,0.9216584423193048
timing__setup__ws__corner:min_ss_100C_1v60,9.684710196810352
timing__hold__tns__corner:min_ss_100C_1v60,0.0
timing__setup__tns__corner:min_ss_100C_1v60,0.0
timing__hold__wns__corner:min_ss_100C_1v60,0
timing__setup__wns__corner:min_ss_100C_1v60,0.0
timing__hold_vio__count__corner:min_ss_100C_1v60,0
timing__hold_r2r__ws__corner:min_ss_100C_1v60,0.921658
timing__hold_r2r_vio__count__corner:min_ss_100C_1v60,0
timing__setup_vio__count__corner:min_ss_100C_1v60,0
timing__setup_r2r__ws__corner:min_ss_100C_1v60,Infinity
timing__setup_r2r_vio__count__corner:min_ss_100C_1v60,0
timing__unannotated_net__count__corner:min_ss_100C_1v60,22
timing__unannotated_net_filtered__count__corner:min_ss_100C_1v60,0
design__max_slew_violation__count__corner:min_ff_n40C_1v95,0
design__max_fanout_violation__count__corner:min_ff_n40C_1v95,148
design__max_cap_violation__count__corner:min_ff_n40C_1v95,0
clock__skew__worst_hold__corner:min_ff_n40C_1v95,-0.27006111999968024
clock__skew__worst_setup__corner:min_ff_n40C_1v95,0.39561188777998574
timing__hold__ws__corner:min_ff_n40C_1v95,0.1093303256650597
timing__setup__ws__corner:min_ff_n40C_1v95,16.9740439841509
timing__hold__tns__corner:min_ff_n40C_1v95,0.0
timing__setup__tns__corner:min_ff_n40C_1v95,0.0
timing__hold__wns__corner:min_ff_n40C_1v95,0
timing__setup__wns__corner:min_ff_n40C_1v95,0.0
timing__hold_vio__count__corner:min_ff_n40C_1v95,0
timing__hold_r2r__ws__corner:min_ff_n40C_1v95,0.109330
timing__hold_r2r_vio__count__corner:min_ff_n40C_1v95,0
timing__setup_vio__count__corner:min_ff_n40C_1v95,0
timing__setup_r2r__ws__corner:min_ff_n40C_1v95,Infinity
timing__setup_r2r_vio__count__corner:min_ff_n40C_1v95,0
timing__unannotated_net__count__corner:min_ff_n40C_1v95,22
timing__unannotated_net_filtered__count__corner:min_ff_n40C_1v95,0
design__max_slew_violation__count__corner:max_tt_025C_1v80,0
design__max_fanout_violation__count__corner:max_tt_025C_1v80,148
design__max_cap_violation__count__corner:max_tt_025C_1v80,0
clock__skew__worst_hold__corner:max_tt_025C_1v80,-0.28487998877342446
clock__skew__worst_setup__corner:max_tt_025C_1v80,0.4779752284811294
timing__hold__ws__corner:max_tt_025C_1v80,0.3384349563055063
timing__setup__ws__corner:max_tt_025C_1v80,14.858767969931607
timing__hold__tns__corner:max_tt_025C_1v80,0.0
timing__setup__tns__corner:max_tt_025C_1v80,0.0
timing__hold__wns__corner:max_tt_025C_1v80,0
timing__setup__wns__corner:max_tt_025C_1v80,0.0
timing__hold_vio__count__corner:max_tt_025C_1v80,0
timing__hold_r2r__ws__corner:max_tt_025C_1v80,0.338435
timing__hold_r2r_vio__count__corner:max_tt_025C_1v80,0
timing__setup_vio__count__corner:max_tt_025C_1v80,0
timing__setup_r2r__ws__corner:max_tt_025C_1v80,Infinity
timing__setup_r2r_vio__count__corner:max_tt_025C_1v80,0
timing__unannotated_net__count__corner:max_tt_025C_1v80,22
timing__unannotated_net_filtered__count__corner:max_tt_025C_1v80,0
timing__unannotated_net__count__corner:max_ss_100C_1v60,22
timing__unannotated_net_filtered__count__corner:max_ss_100C_1v60,0
design__max_slew_violation__count__corner:max_ff_n40C_1v95,0
design__max_fanout_violation__count__corner:max_ff_n40C_1v95,148
design__max_cap_violation__count__corner:max_ff_n40C_1v95,0
clock__skew__worst_hold__corner:max_ff_n40C_1v95,-0.27565653317973765
clock__skew__worst_setup__corner:max_ff_n40C_1v95,0.40378918018798077
timing__hold__ws__corner:max_ff_n40C_1v95,0.11443074589558863
timing__setup__ws__corner:max_ff_n40C_1v95,16.82060582873766
timing__hold__tns__corner:max_ff_n40C_1v95,0.0
timing__setup__tns__corner:max_ff_n40C_1v95,0.0
timing__hold__wns__corner:max_ff_n40C_1v95,0
timing__setup__wns__corner:max_ff_n40C_1v95,0.0
timing__hold_vio__count__corner:max_ff_n40C_1v95,0
timing__hold_r2r__ws__corner:max_ff_n40C_1v95,0.114431
timing__hold_r2r_vio__count__corner:max_ff_n40C_1v95,0
timing__setup_vio__count__corner:max_ff_n40C_1v95,0
timing__setup_r2r__ws__corner:max_ff_n40C_1v95,Infinity
timing__setup_r2r_vio__count__corner:max_ff_n40C_1v95,0
timing__unannotated_net__count__corner:max_ff_n40C_1v95,22
timing__unannotated_net_filtered__count__corner:max_ff_n40C_1v95,0
timing__unannotated_net__count,22
timing__unannotated_net_filtered__count,0
design_powergrid__voltage__worst__net:vccd1__corner:max_ss_100C_1v60,1.59967
design_powergrid__drop__average__net:vccd1__corner:max_ss_100C_1v60,1.59993
design_powergrid__drop__worst__net:vccd1__corner:max_ss_100C_1v60,0.00033196
design_powergrid__voltage__worst__net:vssd1__corner:max_ss_100C_1v60,0.000317017
design_powergrid__drop__average__net:vssd1__corner:max_ss_100C_1v60,0.0000748326
design_powergrid__drop__worst__net:vssd1__corner:max_ss_100C_1v60,0.000317017
design_powergrid__voltage__worst,0.000317017
design_powergrid__voltage__worst__net:vccd1,1.59967
design_powergrid__drop__worst,0.00033196
design_powergrid__drop__worst__net:vccd1,0.00033196
design_powergrid__voltage__worst__net:vssd1,0.000317017
design_powergrid__drop__worst__net:vssd1,0.000317017
ir__voltage__worst,1.600000000000000088817841970012523233890533447265625
ir__drop__avg,0.000067600000000000003293719463837163630159921012818813323974609375
ir__drop__worst,0.0003319999999999999925996696514829409352387301623821258544921875
klayout__drc_error__count,0
magic__illegal_overlap__count,0
design__lvs_device_difference__count,0
design__lvs_net_difference__count,0
design__lvs_property_fail__count,0
design__lvs_error__count,0
design__lvs_unmatched_device__count,0
design__lvs_unmatched_net__count,0
design__lvs_unmatched_pin__count,0
